-- sample_data

INSERT INTO stocks (stock_code, stock_name, market_type, listed_shares, created_at, is_active) VALUES
('005930', '삼성전자', 'KOSPI', 5969782550, '1975-06-11', TRUE),
('000660', 'SK하이닉스', 'KOSPI', 728002365, '1996-12-26', TRUE),
('AAPL', 'Apple Inc.', 'NASDAQ', 15200000000, '1980-12-12', TRUE),
('TSLA', 'Tesla, Inc.', 'NASDAQ', 3180000000, '2010-06-29', TRUE),
('RTX', 'RTX Corporation', 'NYSE', 1330000000, '1970-09-05', TRUE),
('NVDA', 'NVIDIA Corp.', 'NASDAQ', 24600000000, '1999-01-22', TRUE),
('005380', '현대차', 'KOSPI', 211531506, '1974-06-28', TRUE),
('MSFT', 'Microsoft', 'NASDAQ', 7430000000, '1986-03-13', TRUE),
('068270', '셀트리온', 'KOSPI', 216929838, '2008-08-05', TRUE),
('GOOGL', 'Alphabet Inc.', 'NASDAQ', 12400000000, '2004-08-19', TRUE);

INSERT INTO stock_price (stock_code, current_price, prev_close, change_amount, change_rate, updated_at) VALUES
('005930', 149300.00, 148900.00, 400.00, 0.27, '2026-01-18 15:30:00'),
('000660', 764000.00, 756000.00, 8000.00, 1.06, '2026-01-18 15:30:00'),
('AAPL', 376575.00, 380524.00, -3949.00, -1.04, '2026-01-18 05:00:00'),
('TSLA', 644744.00, 646312.00, -1568.00, -0.24, '2026-01-18 05:00:00'),
('RTX', 297570.00, 294489.00, 3081.00, 1.05, '2026-01-18 05:00:00'),
('NVDA', 274447.00, 275656.00, -1209.00, -0.44, '2026-01-18 05:00:00'),
('005380', 480000.00, 413000.00, 67000.00, 16.22, '2026-01-18 15:30:00'),
('MSFT', 677706.00, 672980.00, 4726.00, 0.70, '2026-01-18 05:00:00'),
('068270', 206500.00, 209000.00, -2500.00, -1.20, '2026-01-18 15:30:00'),
('GOOGL', 486321.00, 490418.00, -4097.00, -0.84, '2026-01-18 05:00:00');

-- 1번 유저: 국내 우량주와 반도체 위주 (4개)
INSERT INTO watchlist (user_no, stock_code, added_at) VALUES
(1, '005930', '2026-01-15 10:00:00'), -- 삼성전자
(1, '000660', '2026-01-16 11:30:00'), -- SK하이닉스
(1, '005380', '2026-01-18 09:15:00'), -- 현대차
(1, 'NVDA',   '2026-01-19 14:00:00'), -- 엔비디아 (국장러의 외도)
-- 2번 유저: 미국 빅테크 위주 (4개)
(2, 'AAPL',   '2026-01-10 23:00:00'), 
(2, 'MSFT',   '2026-01-12 01:20:00'), 
(2, 'GOOGL',  '2026-01-14 05:40:00'), 
(2, 'TSLA',   '2026-01-19 22:10:00'),
-- 3번 사용자: 방산 및 소프트웨어 관심 (RTX, MSFT)
(3, 'RTX',    '2026-01-15 09:00:00'),
(3, 'MSFT',   '2026-01-17 22:10:00'),
-- 4번 사용자: 국내 대형주 컬렉터 (삼성전자, 현대차, 셀트리온)
(4, '005930', '2026-01-10 10:30:00'),
(4, '005380', '2026-01-12 15:00:00'),
(4, '068270', '2026-01-18 13:45:00'),
-- 5번 사용자: 반도체 올인 (삼성전자, SK하이닉스, 엔비디아)
(5, '005930', '2026-01-19 09:00:00'),
(5, '000660', '2026-01-19 09:05:00'),
(5, 'NVDA',   '2026-01-19 23:30:00'),
-- 6번 사용자: 미국 빅테크 매니아 (AAPL, GOOGL, MSFT, TSLA)
(6, 'AAPL',   '2026-01-05 08:00:00'),
(6, 'GOOGL',  '2026-01-06 08:00:00'),
(6, 'MSFT',   '2026-01-07 08:00:00'),
(6, 'TSLA',   '2026-01-19 11:20:00');

INSERT INTO trades (user_no, stock_code, account_id, trade_type, quantity, price, total_amount, trade_time) VALUES
-- 1번 민정기 (관심: 삼성전자, 하이닉스, 현대차, NVDA / 잔액 1000만)
(1, '005930', 1, 'BUY',  30, 142000.00, 4260000.00, '2025-11-25 10:30:00'),
(1, '000660', 1, 'BUY',  5,  750000.00, 3750000.00, '2025-12-15 09:15:00'),
(1, '005930', 1, 'SELL', 10, 148500.00, 1485000.00, '2026-01-05 14:00:00'),
(1, 'NVDA',   1, 'BUY',  5,  270000.00, 1350000.00, '2026-01-15 23:30:00'),

-- 2번 김예지 (관심: AAPL, MSFT, GOOGL, TSLA / 잔액 500만)
(2, 'AAPL',   2, 'BUY',  10, 370000.00, 3700000.00, '2025-11-28 22:45:00'),
(2, 'MSFT',   2, 'BUY',  2,  660000.00, 1320000.00, '2025-12-20 23:10:00'),
(2, 'AAPL',   2, 'SELL', 3,  380000.00, 1140000.00, '2026-01-12 00:05:00'),

-- 3번 김정수 (관심: RTX, MSFT / 잔액 500만)
(3, 'RTX',    3, 'BUY',  10, 290000.00, 2900000.00, '2025-12-05 10:00:00'),
(3, 'MSFT',   3, 'BUY',  2,  670000.00, 1340000.00, '2026-01-18 22:00:00'),

-- 4번 방지혁 (관심: 삼성전자, 현대차, 셀트리온 / 잔액 300만)
(4, '005380', 4, 'BUY',  5,  415000.00, 2075000.00, '2025-11-22 11:00:00'),
(4, '068270', 4, 'BUY',  3,  205000.00, 615000.00,  '2025-12-18 13:20:00'),

-- 5번 이슬이 (관심: 삼성전자, 하이닉스, NVDA / 잔액 200만)
(5, '005930', 5, 'BUY',  10, 143000.00, 1430000.00, '2025-12-10 15:00:00'),
(5, 'NVDA',   5, 'BUY',  2,  272000.00, 544000.00,  '2026-01-19 23:45:00'),

-- 6번 현재진 (관심: AAPL, GOOGL, MSFT, TSLA / 잔액 1000만)
(6, 'GOOGL',  6, 'BUY',  15, 485000.00, 7275000.00, '2025-11-20 23:30:00'),
(6, 'AAPL',   6, 'BUY',  5,  375000.00, 1875000.00, '2025-12-12 22:15:00');

INSERT INTO portfolios (user_no, stock_code, account_id, quantity, avg_price, created_at, updated_at) VALUES
(1, '005930', 1, 20, 142000.00, '2025-11-25', '2026-01-05'),
(1, '000660', 1, 5,  750000.00, '2025-12-15', '2025-12-15'),
(1, 'NVDA',   1, 5,  270000.00, '2026-01-15', '2026-01-15'),
(2, 'AAPL',   2, 7,  370000.00, '2025-11-28', '2026-01-12'),
(2, 'MSFT',   2, 2,  660000.00, '2025-12-20', '2025-12-20'),
(3, 'RTX',    3, 10, 290000.00, '2025-12-05', '2025-12-05'),
(3, 'MSFT',   3, 2,  670000.00, '2026-01-18', '2026-01-18'),
(4, '005380', 4, 5,  415000.00, '2025-11-22', '2025-11-22'),
(4, '068270', 4, 3,  205000.00, '2025-12-18', '2025-12-18'),
(5, '005930', 5, 10, 143000.00, '2025-12-10', '2025-12-10'),
(5, 'NVDA',   5, 2,  272000.00, '2026-01-19', '2026-01-19'),
(6, 'GOOGL',  6, 15, 485000.00, '2025-11-20', '2025-11-20'),
(6, 'AAPL',   6, 5,  375000.00, '2025-12-12', '2025-12-12');